lang_group,n_tweets,mean_afinn,sd_afinn,mean_compound,sd_compound,median_afinn,median_compound,prop_afinn_neg,prop_comp_neg
en,79508,-0.8334782201655723,2.7807964998761006,0.0797594711442671,0.17108786732581147,-1,0.10338932887193872,0.5559775848925386,0.29057453338028877
pcm,19882,-0.8211238125905651,2.7898985661895814,0.07993136527892364,0.1714180382865972,-1,0.10445548114150588,0.5561637954167338,0.28724474398953825
