compound,afinn_sum,retweet_count,favorite_count,reply_count,user_followers_count
1,0.4769973077970074,7.446595617329466e-4,0.00187747632865443,2.535839391519985e-4,7.95776965365447e-4
0.4769973077970074,1,-0.004546611657278446,-4.1360151512075474e-4,-3.2958665246891113e-4,0.006334714465775691
7.446595617329466e-4,-0.004546611657278446,1,0.8792470681604012,0.7740080858360704,-0.0021984861397497655
0.00187747632865443,-4.1360151512075474e-4,0.8792470681604012,1,0.7650995968968273,-0.0026551333270671764
2.535839391519985e-4,-3.2958665246891113e-4,0.7740080858360704,0.7650995968968273,0.9999999999999999,5.124861100112706e-4
7.95776965365447e-4,0.006334714465775691,-0.0021984861397497655,-0.0026551333270671764,5.124861100112706e-4,1
